,id,time,u,v,w
0,0,0,6.60791015625,6.8455810546875,7.1204833984375
1,0,1,6.7237548828125,6.8455810546875,7.1204833984375
2,0,2,6.7237548828125,6.8472900390625,7.089599609375
3,0,3,6.7237548828125,6.9066162109375,7.1422119140625
4,0,4,6.76806640625,6.930908203125,7.155517578125
5,0,5,6.7830810546875,6.9576416015625,7.1561279296875
6,0,6,6.8360595703125,6.999267578125,7.2449951171875
7,0,7,6.8360595703125,6.999267578125,7.2945556640625
8,1,0,6.7830810546875,6.9576416015625,7.1561279296875
9,1,1,6.8360595703125,6.999267578125,7.2449951171875
10,1,2,6.8360595703125,6.999267578125,7.2945556640625
11,1,3,6.85595703125,7.00634765625,7.2945556640625
12,1,4,6.875244140625,7.0704345703125,7.413818359375
13,1,5,7.050537109375,7.0704345703125,7.4227294921875
14,1,6,7.050537109375,7.0704345703125,7.5345458984375
15,1,7,7.050537109375,7.1199951171875,7.5345458984375
16,2,0,7.050537109375,7.0704345703125,7.4227294921875
17,2,1,7.050537109375,7.0704345703125,7.5345458984375
18,2,2,7.050537109375,7.1199951171875,7.5345458984375
19,2,3,6.9793701171875,7.1199951171875,7.5345458984375
20,2,4,6.9808349609375,7.12646484375,7.4603271484375
21,2,5,7.13671875,7.12646484375,7.5899658203125
22,2,6,7.13671875,7.239990234375,7.5899658203125
23,2,7,7.13671875,7.2841796875,7.5899658203125
24,3,0,7.13671875,7.12646484375,7.5899658203125
25,3,1,7.13671875,7.239990234375,7.5899658203125
26,3,2,7.13671875,7.2841796875,7.5899658203125
27,3,3,7.2344970703125,7.3311767578125,7.6773681640625
28,3,4,7.2344970703125,7.3375244140625,7.761474609375
29,3,5,7.2344970703125,7.3375244140625,7.761474609375
30,3,6,7.3909912109375,7.3375244140625,7.761474609375
31,3,7,7.3909912109375,7.3812255859375,7.785888671875
32,4,0,7.2344970703125,7.3375244140625,7.761474609375
33,4,1,7.3909912109375,7.3375244140625,7.761474609375
34,4,2,7.3909912109375,7.3812255859375,7.785888671875
35,4,3,7.3909912109375,7.3812255859375,7.869873046875
36,4,4,7.3558349609375,7.4256591796875,7.869873046875
37,4,5,7.3740234375,7.4674072265625,7.90771484375
38,4,6,7.3740234375,7.4674072265625,7.90771484375
39,4,7,7.3740234375,7.5330810546875,7.927978515625
40,5,0,7.3740234375,7.4674072265625,7.90771484375
41,5,1,7.3740234375,7.4674072265625,7.90771484375
42,5,2,7.3740234375,7.5330810546875,7.927978515625
43,5,3,7.5546875,7.5382080078125,7.9383544921875
44,5,4,7.5546875,7.5565185546875,7.968994140625
45,5,5,7.5546875,7.5565185546875,8.0323486328125
46,5,6,7.558837890625,7.6463623046875,8.132568359375
47,5,7,7.5672607421875,7.6463623046875,8.132568359375
48,6,0,7.5546875,7.5565185546875,8.0323486328125
49,6,1,7.558837890625,7.6463623046875,8.132568359375
50,6,2,7.5672607421875,7.6463623046875,8.132568359375
51,6,3,7.5775146484375,7.694091796875,8.132568359375
52,6,4,7.5897216796875,7.694091796875,8.213623046875
53,6,5,7.7635498046875,7.694091796875,8.213623046875
54,6,6,7.7635498046875,7.8306884765625,8.213623046875
55,6,7,7.7635498046875,7.8306884765625,8.1951904296875
56,13,0,7.313232421875,7.4354248046875,7.5538330078125
57,13,1,7.313232421875,7.3880615234375,7.5538330078125
58,13,2,7.2978515625,7.341796875,7.5538330078125
59,13,3,7.346923828125,7.41259765625,7.5421142578125
60,13,4,7.4296875,7.41259765625,7.5521240234375
61,13,5,7.57666015625,7.4554443359375,7.5521240234375
62,13,6,7.57666015625,7.4554443359375,7.6004638671875
63,13,7,7.57666015625,7.4554443359375,7.6328125
64,14,0,7.57666015625,7.4554443359375,7.5521240234375
65,14,1,7.57666015625,7.4554443359375,7.6004638671875
66,14,2,7.57666015625,7.4554443359375,7.6328125
67,14,3,7.6668701171875,7.4833984375,7.691650390625
68,14,4,7.6668701171875,7.4833984375,7.691650390625
69,14,5,7.6668701171875,7.533203125,7.691650390625
70,14,6,7.57470703125,7.533203125,7.6591796875
71,14,7,7.57470703125,7.6080322265625,7.6907958984375
72,15,0,7.6668701171875,7.533203125,7.691650390625
73,15,1,7.57470703125,7.533203125,7.6591796875
74,15,2,7.57470703125,7.6080322265625,7.6907958984375
75,15,3,7.710205078125,7.6187744140625,7.7049560546875
76,15,4,7.710205078125,7.6187744140625,7.8328857421875
77,15,5,7.710205078125,7.6187744140625,7.8328857421875
78,15,6,7.7850341796875,7.6175537109375,7.8328857421875
79,15,7,7.7850341796875,7.625732421875,7.824462890625
80,16,0,7.710205078125,7.6187744140625,7.8328857421875
81,16,1,7.7850341796875,7.6175537109375,7.8328857421875
82,16,2,7.7850341796875,7.625732421875,7.824462890625
83,16,3,7.7850341796875,7.6878662109375,7.824462890625
84,16,4,7.838623046875,7.6903076171875,7.846435546875
85,16,5,7.838623046875,7.7470703125,7.9178466796875
86,16,6,7.838623046875,7.77392578125,7.9178466796875
87,16,7,7.81201171875,7.77392578125,7.9833984375
88,17,0,7.838623046875,7.7470703125,7.9178466796875
89,17,1,7.838623046875,7.77392578125,7.9178466796875
90,17,2,7.81201171875,7.77392578125,7.9833984375
91,17,3,7.81201171875,7.7886962890625,7.9833984375
92,17,4,7.81201171875,7.8802490234375,7.9833984375
93,17,5,7.791259765625,7.8802490234375,8.04833984375
94,17,6,7.921630859375,7.894287109375,8.04833984375
95,17,7,7.966796875,7.894287109375,8.0511474609375
96,18,0,7.791259765625,7.8802490234375,8.04833984375
97,18,1,7.921630859375,7.894287109375,8.04833984375
98,18,2,7.966796875,7.894287109375,8.0511474609375
99,18,3,7.966796875,7.894287109375,8.0511474609375
100,18,4,7.966796875,7.8931884765625,8.0511474609375
101,18,5,7.9022216796875,7.9127197265625,8.04443359375
102,18,6,7.98291015625,7.9736328125,8.1597900390625
103,18,7,7.98291015625,7.9736328125,8.1937255859375
104,19,0,7.9022216796875,7.9127197265625,8.04443359375
105,19,1,7.98291015625,7.9736328125,8.1597900390625
106,19,2,7.98291015625,7.9736328125,8.1937255859375
107,19,3,7.98291015625,7.9736328125,8.1937255859375
108,19,4,7.9412841796875,7.970703125,8.198486328125
109,19,5,7.973388671875,7.9805908203125,8.198486328125
110,19,6,8.04736328125,8.01611328125,8.3260498046875
111,19,7,8.0657958984375,8.01611328125,8.3260498046875
112,26,0,5.3426513671875,6.63623046875,6.167724609375
113,26,1,5.3426513671875,6.6365966796875,6.206298828125
114,26,2,5.4471435546875,6.6553955078125,6.206298828125
115,26,3,5.4776611328125,6.7786865234375,6.206298828125
116,26,4,5.538330078125,6.843505859375,6.2044677734375
117,26,5,5.634033203125,6.8604736328125,6.2384033203125
118,26,6,5.66845703125,6.9259033203125,6.3671875
119,26,7,5.719482421875,6.9464111328125,6.3671875
120,27,0,5.634033203125,6.8604736328125,6.2384033203125
121,27,1,5.66845703125,6.9259033203125,6.3671875
122,27,2,5.719482421875,6.9464111328125,6.3671875
123,27,3,5.8101806640625,7.0029296875,6.376708984375
124,27,4,5.8892822265625,7.0029296875,6.376708984375
125,27,5,5.9842529296875,7.05322265625,6.376708984375
126,27,6,5.9842529296875,7.274658203125,6.423828125
127,27,7,6.0804443359375,7.274658203125,6.423828125
128,28,0,5.9842529296875,7.05322265625,6.376708984375
129,28,1,5.9842529296875,7.274658203125,6.423828125
130,28,2,6.0804443359375,7.274658203125,6.423828125
131,28,3,6.2279052734375,7.274658203125,6.423828125
132,28,4,6.30078125,7.2431640625,6.4268798828125
133,28,5,6.4324951171875,7.360595703125,6.4268798828125
134,28,6,6.4324951171875,7.360595703125,6.4268798828125
135,28,7,6.5093994140625,7.3819580078125,6.4403076171875
136,29,0,6.4324951171875,7.360595703125,6.4268798828125
137,29,1,6.4324951171875,7.360595703125,6.4268798828125
138,29,2,6.5093994140625,7.3819580078125,6.4403076171875
139,29,3,6.5093994140625,7.46435546875,6.4403076171875
140,29,4,6.5732421875,7.5233154296875,6.4466552734375
141,29,5,6.5732421875,7.5233154296875,6.4466552734375
142,29,6,6.60986328125,7.5233154296875,6.5020751953125
143,29,7,6.9283447265625,7.6025390625,6.5020751953125
144,30,0,6.5732421875,7.5233154296875,6.4466552734375
145,30,1,6.60986328125,7.5233154296875,6.5020751953125
146,30,2,6.9283447265625,7.6025390625,6.5020751953125
147,30,3,6.9283447265625,7.6463623046875,6.50537109375
148,30,4,6.9283447265625,7.6463623046875,6.50537109375
149,30,5,6.8663330078125,7.6768798828125,6.50537109375
150,30,6,7.080322265625,7.7152099609375,6.4974365234375
151,30,7,7.080322265625,7.7152099609375,6.5335693359375
152,31,0,6.8663330078125,7.6768798828125,6.50537109375
153,31,1,7.080322265625,7.7152099609375,6.4974365234375
154,31,2,7.080322265625,7.7152099609375,6.5335693359375
155,31,3,7.29345703125,7.7152099609375,6.590087890625
156,31,4,7.29345703125,7.8673095703125,6.590087890625
157,31,5,7.29345703125,7.8673095703125,6.590087890625
158,31,6,7.3046875,7.95458984375,6.5540771484375
159,31,7,7.317138671875,7.95458984375,6.5428466796875
160,32,0,7.29345703125,7.8673095703125,6.590087890625
161,32,1,7.3046875,7.95458984375,6.5540771484375
162,32,2,7.317138671875,7.95458984375,6.5428466796875
163,32,3,7.357421875,7.95458984375,6.647705078125
164,32,4,7.4588623046875,7.9381103515625,6.647705078125
165,32,5,7.4588623046875,7.9549560546875,6.647705078125
166,32,6,7.4588623046875,7.9549560546875,6.7332763671875
167,32,7,7.398681640625,7.9549560546875,6.7332763671875
168,33,0,7.4588623046875,7.9549560546875,6.647705078125
169,33,1,7.4588623046875,7.9549560546875,6.7332763671875
170,33,2,7.398681640625,7.9549560546875,6.7332763671875
171,33,3,7.6943359375,8.056396484375,6.7332763671875
172,33,4,7.7467041015625,8.08349609375,6.6744384765625
173,33,5,7.7467041015625,8.08349609375,6.6744384765625
174,33,6,7.7467041015625,8.1070556640625,6.8170166015625
175,33,7,7.6495361328125,8.1524658203125,6.8170166015625
176,34,0,7.7467041015625,8.08349609375,6.6744384765625
177,34,1,7.7467041015625,8.1070556640625,6.8170166015625
178,34,2,7.6495361328125,8.1524658203125,6.8170166015625
179,34,3,7.7454833984375,8.1524658203125,6.8170166015625
180,34,4,7.804443359375,8.1524658203125,6.7552490234375
181,34,5,8.044921875,8.1651611328125,6.76708984375
182,34,6,8.044921875,8.2640380859375,6.76708984375
183,34,7,8.044921875,8.3101806640625,6.76708984375
184,35,0,8.044921875,8.1651611328125,6.76708984375
185,35,1,8.044921875,8.2640380859375,6.76708984375
186,35,2,8.044921875,8.3101806640625,6.76708984375
187,35,3,8.2750244140625,8.3575439453125,6.7296142578125
188,35,4,8.30810546875,8.392578125,6.6761474609375
189,35,5,8.30810546875,8.392578125,6.59130859375
190,35,6,8.416259765625,8.392578125,6.59130859375
191,35,7,0.0,0.0,0.0
192,36,0,8.30810546875,8.392578125,6.59130859375
193,36,1,8.416259765625,8.392578125,6.59130859375
194,36,2,8.416259765625,8.3651123046875,6.59130859375
195,36,3,8.416259765625,8.3651123046875,6.547119140625
196,36,4,8.473388671875,8.3651123046875,6.547119140625
197,36,5,8.473388671875,8.3204345703125,6.547119140625
198,36,6,8.57080078125,8.3204345703125,6.63671875
199,36,7,0.0,0.0,0.0
200,37,0,8.473388671875,8.3204345703125,6.547119140625
201,37,1,8.57080078125,8.3204345703125,6.63671875
202,37,2,8.6463623046875,8.3277587890625,6.649658203125
203,37,3,8.7347412109375,8.3277587890625,6.649658203125
204,37,4,8.7347412109375,8.3277587890625,6.8489990234375
205,37,5,8.7347412109375,8.313720703125,6.8673095703125
206,37,6,8.5072021484375,8.313720703125,7.041748046875
207,37,7,0.0,0.0,0.0
208,38,0,8.7347412109375,8.313720703125,6.8673095703125
209,38,1,8.5072021484375,8.313720703125,7.041748046875
210,38,2,8.559814453125,8.313720703125,7.041748046875
211,38,3,8.6802978515625,8.131103515625,7.152587890625
212,38,4,8.6802978515625,8.1036376953125,7.2431640625
213,38,5,8.6802978515625,8.16015625,7.2431640625
214,38,6,8.5958251953125,8.16015625,7.2967529296875
215,38,7,0.0,0.0,0.0
216,39,0,8.6802978515625,8.16015625,7.2431640625
217,39,1,8.5958251953125,8.16015625,7.2967529296875
218,39,2,8.643310546875,8.16015625,7.32763671875
219,39,3,8.7109375,8.10498046875,7.412353515625
220,39,4,8.7109375,8.13427734375,7.4810791015625
221,39,5,8.7109375,8.13427734375,7.5150146484375
222,39,6,8.6260986328125,8.13427734375,7.6123046875
223,39,7,0.0,0.0,0.0
224,46,0,6.1470947265625,6.3240966796875,6.3878173828125
225,46,1,6.1409912109375,6.3939208984375,6.4549560546875
226,46,2,6.1728515625,6.3939208984375,6.4549560546875
227,46,3,6.2330322265625,6.4259033203125,6.4549560546875
228,46,4,6.39990234375,6.483642578125,6.568603515625
229,46,5,6.448486328125,6.483642578125,6.568603515625
230,46,6,6.448486328125,6.483642578125,6.568603515625
231,46,7,6.448486328125,6.6368408203125,6.5367431640625
232,47,0,6.448486328125,6.483642578125,6.568603515625
233,47,1,6.448486328125,6.483642578125,6.568603515625
234,47,2,6.448486328125,6.6368408203125,6.5367431640625
235,47,3,6.4571533203125,6.6368408203125,6.626708984375
236,47,4,6.5106201171875,6.6368408203125,6.626708984375
237,47,5,6.530029296875,6.673828125,6.626708984375
238,47,6,6.5941162109375,6.673828125,6.7745361328125
239,47,7,6.5941162109375,6.6761474609375,6.913330078125
240,48,0,6.530029296875,6.673828125,6.626708984375
241,48,1,6.5941162109375,6.673828125,6.7745361328125
242,48,2,6.5941162109375,6.6761474609375,6.913330078125
243,48,3,6.66552734375,6.7938232421875,6.913330078125
244,48,4,6.673095703125,6.802490234375,6.913330078125
245,48,5,6.7037353515625,6.802490234375,6.847412109375
246,48,6,6.7767333984375,6.8465576171875,6.9134521484375
247,48,7,6.7767333984375,6.8465576171875,6.9586181640625
248,49,0,6.7037353515625,6.802490234375,6.847412109375
249,49,1,6.7767333984375,6.8465576171875,6.9134521484375
250,49,2,6.7767333984375,6.8465576171875,6.9586181640625
251,49,3,6.786376953125,6.8719482421875,7.0245361328125
252,49,4,6.9578857421875,6.8955078125,7.0245361328125
253,49,5,6.9578857421875,7.01025390625,7.041748046875
254,49,6,6.9578857421875,7.01025390625,7.041748046875
255,49,7,6.956298828125,7.01025390625,7.10107421875
256,50,0,6.9578857421875,7.01025390625,7.041748046875
257,50,1,6.9578857421875,7.01025390625,7.041748046875
258,50,2,6.956298828125,7.01025390625,7.10107421875
259,50,3,6.956298828125,7.0267333984375,7.10107421875
260,50,4,6.956298828125,7.0682373046875,7.1322021484375
261,50,5,6.9212646484375,7.1209716796875,7.2008056640625
262,50,6,7.1015625,7.1209716796875,7.2008056640625
263,50,7,7.1324462890625,7.1209716796875,7.2091064453125
264,51,0,6.9212646484375,7.1209716796875,7.2008056640625
265,51,1,7.1015625,7.1209716796875,7.2008056640625
266,51,2,7.1324462890625,7.1209716796875,7.2091064453125
267,51,3,7.1324462890625,7.0950927734375,7.2523193359375
268,51,4,7.1324462890625,7.12451171875,7.2523193359375
269,51,5,7.12451171875,7.1983642578125,7.2523193359375
270,51,6,7.178955078125,7.3179931640625,7.2283935546875
271,51,7,7.3026123046875,7.3179931640625,7.38232421875
272,52,0,7.12451171875,7.1983642578125,7.2523193359375
273,52,1,7.178955078125,7.3179931640625,7.2283935546875
274,52,2,7.3026123046875,7.3179931640625,7.38232421875
275,52,3,7.3775634765625,7.3179931640625,7.531494140625
276,52,4,7.3775634765625,7.28759765625,7.531494140625
277,52,5,7.3775634765625,7.3179931640625,7.531494140625
278,52,6,7.3404541015625,7.3748779296875,7.4901123046875
279,52,7,7.4976806640625,7.3748779296875,7.46484375
280,53,0,7.3775634765625,7.3179931640625,7.531494140625
281,53,1,7.3404541015625,7.3748779296875,7.4901123046875
282,53,2,7.4976806640625,7.3748779296875,7.46484375
283,53,3,7.4976806640625,7.3748779296875,7.46484375
284,53,4,7.4976806640625,7.544677734375,7.6104736328125
285,53,5,7.3348388671875,7.544677734375,7.6104736328125
286,53,6,7.3348388671875,7.544677734375,7.6104736328125
287,53,7,7.3970947265625,7.432373046875,7.590576171875
288,54,0,7.3348388671875,7.544677734375,7.6104736328125
289,54,1,7.3348388671875,7.544677734375,7.6104736328125
290,54,2,7.3970947265625,7.432373046875,7.590576171875
291,54,3,7.6539306640625,7.4478759765625,7.572509765625
292,54,4,7.6539306640625,7.4813232421875,7.572509765625
293,54,5,7.6539306640625,7.540283203125,7.6116943359375
294,54,6,7.746826171875,7.540283203125,7.6116943359375
295,54,7,7.746826171875,7.669189453125,7.6116943359375
296,55,0,7.6539306640625,7.540283203125,7.6116943359375
297,55,1,7.746826171875,7.540283203125,7.6116943359375
298,55,2,7.746826171875,7.669189453125,7.6116943359375
299,55,3,7.746826171875,7.669189453125,7.6378173828125
300,55,4,7.5341796875,7.6815185546875,7.6378173828125
301,55,5,7.7138671875,7.6815185546875,7.706787109375
302,55,6,7.7138671875,7.6815185546875,7.746826171875
303,55,7,0.0,0.0,0.0
304,56,0,7.7138671875,7.6815185546875,7.706787109375
305,56,1,7.7138671875,7.6815185546875,7.746826171875
306,56,2,7.7138671875,7.677490234375,7.8353271484375
307,56,3,7.71923828125,7.7838134765625,7.8577880859375
308,56,4,7.810546875,7.7838134765625,7.88720703125
309,56,5,7.810546875,7.7838134765625,7.88720703125
310,56,6,7.810546875,7.7672119140625,7.88720703125
311,56,7,0.0,0.0,0.0
312,57,0,7.810546875,7.7838134765625,7.88720703125
313,57,1,7.810546875,7.7672119140625,7.88720703125
314,57,2,7.808837890625,7.7984619140625,7.86474609375
315,57,3,7.7166748046875,7.7984619140625,7.8721923828125
316,57,4,7.776123046875,7.80859375,7.9771728515625
317,57,5,7.83935546875,7.85986328125,7.9771728515625
318,57,6,7.8443603515625,7.85986328125,8.0181884765625
319,57,7,0.0,0.0,0.0
320,58,0,7.83935546875,7.85986328125,7.9771728515625
321,58,1,7.8443603515625,7.85986328125,8.0181884765625
322,58,2,7.890625,7.8670654296875,8.0181884765625
323,58,3,7.890625,7.8670654296875,8.0181884765625
324,58,4,7.890625,7.8670654296875,8.084716796875
325,58,5,7.9326171875,7.93359375,8.250244140625
326,58,6,7.9351806640625,7.93359375,8.250244140625
327,58,7,0.0,0.0,0.0
328,59,0,7.9326171875,7.93359375,8.250244140625
329,59,1,7.9351806640625,7.93359375,8.250244140625
330,59,2,8.0565185546875,7.999267578125,8.250244140625
331,59,3,8.0565185546875,8.0771484375,8.0650634765625
332,59,4,8.0565185546875,8.0771484375,8.130615234375
333,59,5,7.9256591796875,8.0771484375,8.130615234375
334,59,6,7.980224609375,7.980712890625,8.177734375
335,59,7,0.0,0.0,0.0
336,66,0,7.60107421875,7.863037109375,6.603515625
337,66,1,7.60107421875,7.885986328125,6.6373291015625
338,66,2,7.60107421875,7.885986328125,6.6373291015625
339,66,3,7.4969482421875,7.9476318359375,6.6373291015625
340,66,4,7.5682373046875,7.989990234375,6.6170654296875
341,66,5,7.5682373046875,8.0792236328125,6.6170654296875
342,66,6,7.5682373046875,8.0792236328125,6.771240234375
343,66,7,0.0,0.0,0.0
344,67,0,7.5682373046875,8.0792236328125,6.6170654296875
345,67,1,7.5682373046875,8.0792236328125,6.771240234375
346,67,2,7.49267578125,8.0792236328125,6.78759765625
347,67,3,7.8597412109375,8.02685546875,6.78759765625
348,67,4,7.8597412109375,8.055908203125,6.78759765625
349,67,5,7.8597412109375,8.176025390625,6.776611328125
350,67,6,7.7257080078125,8.176025390625,6.787841796875
351,67,7,0.0,0.0,0.0
352,68,0,7.8597412109375,8.176025390625,6.776611328125
353,68,1,7.7257080078125,8.176025390625,6.787841796875
354,68,2,8.0205078125,8.23876953125,6.787841796875
355,68,3,8.0205078125,8.23876953125,6.790771484375
356,68,4,8.0205078125,8.284423828125,6.790771484375
357,68,5,8.1634521484375,8.3536376953125,6.790771484375
358,68,6,8.1634521484375,8.3536376953125,6.80517578125
359,68,7,0.0,0.0,0.0
360,69,0,8.1634521484375,8.3536376953125,6.790771484375
361,69,1,8.1634521484375,8.3536376953125,6.80517578125
362,69,2,8.2401123046875,8.4019775390625,6.80517578125
363,69,3,8.334716796875,8.451416015625,6.80517578125
364,69,4,8.577392578125,8.451416015625,6.6898193359375
365,69,5,8.577392578125,8.451416015625,6.642578125
366,69,6,8.577392578125,8.44287109375,6.6158447265625
367,69,7,0.0,0.0,0.0
368,70,0,8.577392578125,8.451416015625,6.642578125
369,70,1,8.577392578125,8.44287109375,6.6158447265625
370,70,2,8.501220703125,8.44287109375,6.56689453125
371,70,3,8.501220703125,8.44287109375,6.56689453125
372,70,4,8.501220703125,8.3172607421875,6.54248046875
373,70,5,8.4683837890625,8.37744140625,6.54248046875
374,70,6,8.494873046875,8.37744140625,6.6427001953125
375,70,7,0.0,0.0,0.0
376,71,0,8.4683837890625,8.37744140625,6.54248046875
377,71,1,8.494873046875,8.37744140625,6.6427001953125
378,71,2,8.561279296875,8.37744140625,6.6649169921875
379,71,3,8.561279296875,8.324951171875,6.7481689453125
380,71,4,8.561279296875,8.29296875,6.8734130859375
381,71,5,8.6182861328125,8.2017822265625,6.8734130859375
382,71,6,8.7216796875,8.2017822265625,7.04248046875
383,71,7,0.0,0.0,0.0
384,72,0,8.6182861328125,8.2017822265625,6.8734130859375
385,72,1,8.7216796875,8.2017822265625,7.04248046875
386,72,2,8.7216796875,8.20068359375,7.1246337890625
387,72,3,8.7216796875,8.20068359375,7.1275634765625
388,72,4,8.6619873046875,8.20068359375,7.212890625
389,72,5,8.6619873046875,8.1090087890625,7.212890625
390,72,6,8.7630615234375,8.1090087890625,7.4005126953125
391,72,7,0.0,0.0,0.0
392,73,0,8.6619873046875,8.1090087890625,7.212890625
393,73,1,8.7630615234375,8.1090087890625,7.4005126953125
394,73,2,8.7630615234375,8.1090087890625,7.4005126953125
395,73,3,8.7630615234375,8.0689697265625,7.505126953125
396,73,4,8.6885986328125,8.2022705078125,7.505126953125
397,73,5,8.6885986328125,8.2022705078125,7.6715087890625
398,73,6,8.616455078125,8.2078857421875,7.6715087890625
399,73,7,0.0,0.0,0.0
400,80,0,8.7132568359375,9.62841796875,7.24755859375
401,80,1,8.7132568359375,9.5528564453125,7.0810546875
402,80,2,8.7008056640625,9.5020751953125,6.9686279296875
403,80,3,8.7008056640625,9.4010009765625,6.8714599609375
404,80,4,8.6748046875,9.32958984375,6.8389892578125
405,80,5,8.7545166015625,9.06103515625,6.8426513671875
406,80,6,8.8353271484375,8.97265625,6.8426513671875
407,80,7,0.0,0.0,0.0
408,81,0,8.7545166015625,9.06103515625,6.8426513671875
409,81,1,8.8353271484375,8.97265625,6.8426513671875
410,81,2,8.8353271484375,8.9212646484375,6.8426513671875
411,81,3,8.8353271484375,8.85888671875,6.786865234375
412,81,4,8.832275390625,8.740478515625,6.786865234375
413,81,5,8.832275390625,8.716552734375,6.845703125
414,81,6,8.721435546875,8.716552734375,6.845703125
415,81,7,0.0,0.0,0.0
416,82,0,8.832275390625,8.716552734375,6.845703125
417,82,1,8.721435546875,8.716552734375,6.845703125
418,82,2,8.721435546875,8.716552734375,6.890380859375
419,82,3,8.721435546875,8.6741943359375,6.890380859375
420,82,4,8.6817626953125,8.6741943359375,6.890380859375
421,82,5,8.6817626953125,8.6519775390625,7.0482177734375
422,82,6,8.800048828125,8.624755859375,7.0482177734375
423,82,7,0.0,0.0,0.0
424,83,0,8.6817626953125,8.6519775390625,7.0482177734375
425,83,1,8.800048828125,8.624755859375,7.0482177734375
426,83,2,8.800048828125,8.624755859375,7.0482177734375
427,83,3,8.800048828125,8.5118408203125,6.8734130859375
428,83,4,8.6387939453125,8.496337890625,7.0863037109375
429,83,5,8.6387939453125,8.496337890625,7.0863037109375
430,83,6,8.6580810546875,8.496337890625,7.0863037109375
431,83,7,0.0,0.0,0.0
432,84,0,8.6387939453125,8.496337890625,7.0863037109375
433,84,1,8.6580810546875,8.496337890625,7.0863037109375
434,84,2,8.6580810546875,8.4508056640625,7.0640869140625
435,84,3,8.6580810546875,8.418212890625,6.9925537109375
436,84,4,8.6568603515625,8.3194580078125,7.2117919921875
437,84,5,8.76171875,8.4464111328125,7.2117919921875
438,84,6,8.76171875,8.4464111328125,7.2872314453125
439,84,7,0.0,0.0,0.0
440,85,0,8.76171875,8.4464111328125,7.2117919921875
441,85,1,8.76171875,8.4464111328125,7.2872314453125
442,85,2,8.76171875,8.4464111328125,7.2872314453125
443,85,3,8.7545166015625,8.378662109375,7.2872314453125
444,85,4,8.7545166015625,8.378662109375,7.2032470703125
445,85,5,8.7545166015625,8.378662109375,7.21240234375
446,85,6,8.6971435546875,8.42822265625,7.21240234375
447,85,7,0.0,0.0,0.0
448,86,0,8.7545166015625,8.378662109375,7.21240234375
449,86,1,8.6971435546875,8.42822265625,7.21240234375
450,86,2,8.7086181640625,8.42822265625,7.2205810546875
451,86,3,8.7086181640625,8.42822265625,7.3187255859375
452,86,4,8.7086181640625,8.41552734375,7.38720703125
453,86,5,8.717041015625,8.3837890625,7.497314453125
454,86,6,8.7369384765625,8.304931640625,7.497314453125
455,86,7,0.0,0.0,0.0
456,87,0,8.717041015625,8.3837890625,7.497314453125
457,87,1,8.7369384765625,8.304931640625,7.497314453125
458,87,2,8.7369384765625,8.2825927734375,7.497314453125
459,87,3,8.7369384765625,8.29443359375,7.43115234375
460,87,4,8.8941650390625,8.29443359375,7.56396484375
461,87,5,8.9052734375,8.29443359375,7.56396484375
462,87,6,8.9052734375,8.2818603515625,7.56396484375
463,87,7,0.0,0.0,0.0
464,94,0,5.9735107421875,6.223388671875,6.4169921875
465,94,1,6.017578125,6.223388671875,6.4169921875
466,94,2,6.0765380859375,6.2802734375,6.4151611328125
467,94,3,6.0765380859375,6.2802734375,6.503662109375
468,94,4,6.1483154296875,6.2823486328125,6.5511474609375
469,94,5,6.1483154296875,6.363037109375,6.6297607421875
470,94,6,6.1483154296875,6.363037109375,6.656005859375
471,94,7,6.2353515625,6.472412109375,6.656005859375
472,95,0,6.1483154296875,6.363037109375,6.6297607421875
473,95,1,6.1483154296875,6.363037109375,6.656005859375
474,95,2,6.2353515625,6.472412109375,6.656005859375
475,95,3,6.33837890625,6.472412109375,6.78466796875
476,95,4,6.33837890625,6.472412109375,6.78466796875
477,95,5,6.342041015625,6.467041015625,6.78466796875
478,95,6,6.369873046875,6.5484619140625,6.79296875
479,95,7,6.37109375,6.6201171875,6.802001953125
480,96,0,6.342041015625,6.467041015625,6.78466796875
481,96,1,6.369873046875,6.5484619140625,6.79296875
482,96,2,6.37109375,6.6201171875,6.802001953125
483,96,3,6.40380859375,6.65234375,6.8387451171875
484,96,4,6.40380859375,6.673095703125,6.9073486328125
485,96,5,6.476318359375,6.686279296875,6.9849853515625
486,96,6,6.570556640625,6.7193603515625,6.9849853515625
487,96,7,6.6634521484375,6.77099609375,7.0323486328125
488,97,0,6.476318359375,6.686279296875,6.9849853515625
489,97,1,6.570556640625,6.7193603515625,6.9849853515625
490,97,2,6.6634521484375,6.77099609375,7.0323486328125
491,97,3,6.6634521484375,6.803955078125,7.0433349609375
492,97,4,6.6634521484375,6.803955078125,7.0433349609375
493,97,5,6.6387939453125,6.822998046875,7.059326171875
494,97,6,6.701904296875,6.822998046875,7.059326171875
495,97,7,6.701904296875,6.8873291015625,7.11279296875
496,98,0,6.6387939453125,6.822998046875,7.059326171875
497,98,1,6.701904296875,6.822998046875,7.059326171875
498,98,2,6.701904296875,6.8873291015625,7.11279296875
499,98,3,6.7659912109375,6.9339599609375,7.20068359375
500,98,4,6.7808837890625,6.93505859375,7.20068359375
501,98,5,6.8043212890625,6.93505859375,7.317138671875
502,98,6,6.8070068359375,6.9896240234375,7.317138671875
503,98,7,6.8990478515625,7.0291748046875,7.3800048828125
504,99,0,6.8043212890625,6.93505859375,7.317138671875
505,99,1,6.8070068359375,6.9896240234375,7.317138671875
506,99,2,6.8990478515625,7.0291748046875,7.3800048828125
507,99,3,6.9046630859375,7.1026611328125,7.3800048828125
508,99,4,6.9178466796875,7.1026611328125,7.3800048828125
509,99,5,6.9178466796875,7.1026611328125,7.4033203125
510,99,6,6.9813232421875,7.1904296875,7.4212646484375
511,99,7,7.0340576171875,7.1904296875,7.487548828125
512,100,0,6.9178466796875,7.1026611328125,7.4033203125
513,100,1,6.9813232421875,7.1904296875,7.4212646484375
514,100,2,7.0340576171875,7.1904296875,7.487548828125
515,100,3,7.0340576171875,7.1904296875,7.487548828125
516,100,4,7.0401611328125,7.22607421875,7.5169677734375
517,100,5,7.0955810546875,7.2435302734375,7.54443359375
518,100,6,7.1683349609375,7.2435302734375,7.5606689453125
519,100,7,7.1683349609375,7.2435302734375,7.5889892578125
520,101,0,7.0955810546875,7.2435302734375,7.54443359375
521,101,1,7.1683349609375,7.2435302734375,7.5606689453125
522,101,2,7.1683349609375,7.2435302734375,7.5889892578125
523,101,3,7.1683349609375,7.3031005859375,7.6912841796875
524,101,4,7.1282958984375,7.3031005859375,7.698974609375
525,101,5,7.2669677734375,7.3465576171875,7.698974609375
526,101,6,7.2669677734375,7.3465576171875,7.7618408203125
527,101,7,7.292724609375,7.3621826171875,7.7618408203125
528,102,0,7.2669677734375,7.3465576171875,7.698974609375
529,102,1,7.2669677734375,7.3465576171875,7.7618408203125
530,102,2,7.292724609375,7.3621826171875,7.7618408203125
531,102,3,7.377197265625,7.42724609375,7.8411865234375
532,102,4,7.377197265625,7.44482421875,7.8411865234375
533,102,5,7.455078125,7.4798583984375,7.8524169921875
534,102,6,7.455078125,7.5191650390625,8.0029296875
535,102,7,7.455078125,7.5191650390625,8.0029296875
536,103,0,7.455078125,7.4798583984375,7.8524169921875
537,103,1,7.455078125,7.5191650390625,8.0029296875
538,103,2,7.455078125,7.5191650390625,8.0029296875
539,103,3,7.537353515625,7.5191650390625,8.0029296875
540,103,4,7.537353515625,7.5592041015625,7.9691162109375
541,103,5,7.6375732421875,7.5823974609375,7.9705810546875
542,103,6,7.6375732421875,7.5823974609375,8.1265869140625
543,103,7,7.6375732421875,7.592529296875,8.1265869140625
544,104,0,7.6375732421875,7.5823974609375,7.9705810546875
545,104,1,7.6375732421875,7.5823974609375,8.1265869140625
546,104,2,7.6375732421875,7.592529296875,8.1265869140625
547,104,3,7.5267333984375,7.6708984375,8.1265869140625
548,104,4,7.529541015625,7.731689453125,8.0830078125
549,104,5,7.5755615234375,7.731689453125,8.13916015625
550,104,6,7.66015625,7.7562255859375,8.274169921875
551,104,7,7.6732177734375,7.817138671875,8.274169921875
552,110,0,6.0938720703125,8.08203125,7.6258544921875
553,110,1,6.0938720703125,8.387939453125,7.698486328125
554,110,2,6.18505859375,8.4979248046875,7.7799072265625
555,110,3,6.547607421875,8.6024169921875,7.7799072265625
556,110,4,6.547607421875,9.0078125,7.9229736328125
557,110,5,6.883056640625,9.2838134765625,8.4317626953125
558,110,6,7.5545654296875,9.8447265625,8.5294189453125
559,110,7,8.018798828125,10.0723876953125,8.5294189453125
560,111,0,6.883056640625,9.2838134765625,8.4317626953125
561,111,1,7.5545654296875,9.8447265625,8.5294189453125
562,111,2,8.018798828125,10.0723876953125,8.5294189453125
563,111,3,8.3297119140625,10.0723876953125,8.5294189453125
564,111,4,8.38671875,10.0723876953125,8.0347900390625
565,111,5,8.38671875,9.9542236328125,7.9124755859375
566,111,6,8.4869384765625,9.873779296875,7.7655029296875
567,111,7,8.832763671875,9.873779296875,7.450927734375
568,112,0,8.38671875,9.9542236328125,7.9124755859375
569,112,1,8.4869384765625,9.873779296875,7.7655029296875
570,112,2,8.832763671875,9.873779296875,7.450927734375
571,112,3,8.9095458984375,9.7646484375,7.450927734375
572,112,4,8.9095458984375,9.7646484375,7.230712890625
573,112,5,8.9095458984375,9.6007080078125,7.1533203125
574,112,6,8.7640380859375,9.5164794921875,7.1533203125
575,112,7,8.845458984375,9.3070068359375,6.862548828125
576,113,0,8.9095458984375,9.6007080078125,7.1533203125
577,113,1,8.7640380859375,9.5164794921875,7.1533203125
578,113,2,8.845458984375,9.3070068359375,6.862548828125
579,113,3,8.845458984375,9.177734375,6.862548828125
580,113,4,8.845458984375,9.1485595703125,6.862548828125
581,113,5,8.7115478515625,9.0621337890625,6.92822265625
582,113,6,8.64013671875,8.9735107421875,6.92822265625
583,113,7,8.745361328125,8.9735107421875,6.92822265625
584,114,0,8.7115478515625,9.0621337890625,6.92822265625
585,114,1,8.64013671875,8.9735107421875,6.92822265625
586,114,2,8.745361328125,8.9735107421875,6.92822265625
587,114,3,8.745361328125,8.903564453125,6.8929443359375
588,114,4,8.745361328125,8.903564453125,6.7728271484375
589,114,5,8.7427978515625,8.768310546875,6.7357177734375
590,114,6,8.6209716796875,8.6806640625,6.74658203125
591,114,7,8.6343994140625,8.6806640625,6.74658203125
592,115,0,8.7427978515625,8.768310546875,6.7357177734375
593,115,1,8.6209716796875,8.6806640625,6.74658203125
594,115,2,8.6343994140625,8.6806640625,6.74658203125
595,115,3,8.6343994140625,8.65283203125,6.74658203125
596,115,4,8.6343994140625,8.5648193359375,6.873779296875
597,115,5,8.837158203125,8.5531005859375,6.873779296875
598,115,6,8.837158203125,8.474853515625,6.9371337890625
599,115,7,8.837158203125,8.49658203125,7.087158203125
600,116,0,8.837158203125,8.5531005859375,6.873779296875
601,116,1,8.837158203125,8.474853515625,6.9371337890625
602,116,2,8.837158203125,8.49658203125,7.087158203125
603,116,3,8.575439453125,8.49658203125,7.087158203125
604,116,4,8.6710205078125,8.49658203125,7.087158203125
605,116,5,8.6710205078125,8.42529296875,7.0423583984375
606,116,6,8.6710205078125,8.4327392578125,7.0423583984375
607,116,7,8.611083984375,8.4327392578125,7.079345703125
608,117,0,8.6710205078125,8.42529296875,7.0423583984375
609,117,1,8.6710205078125,8.4327392578125,7.0423583984375
610,117,2,8.611083984375,8.4327392578125,7.079345703125
611,117,3,8.611083984375,8.4327392578125,7.079345703125
612,117,4,8.6337890625,8.4078369140625,7.079345703125
613,117,5,8.76318359375,8.4078369140625,7.057861328125
614,117,6,8.76318359375,8.334716796875,7.057861328125
615,117,7,8.76318359375,8.41162109375,7.1131591796875
616,118,0,8.76318359375,8.4078369140625,7.057861328125
617,118,1,8.76318359375,8.334716796875,7.057861328125
618,118,2,8.76318359375,8.41162109375,7.1131591796875
619,118,3,8.7183837890625,8.41162109375,7.1131591796875
620,118,4,8.70166015625,8.41162109375,7.1131591796875
621,118,5,8.7938232421875,8.3753662109375,7.10302734375
622,118,6,8.7938232421875,8.3753662109375,7.1795654296875
623,118,7,8.7938232421875,8.3753662109375,7.271240234375
624,119,0,8.7938232421875,8.3753662109375,7.10302734375
625,119,1,8.7938232421875,8.3753662109375,7.1795654296875
626,119,2,8.7938232421875,8.3753662109375,7.271240234375
627,119,3,8.663818359375,8.368896484375,7.332275390625
628,119,4,8.663818359375,8.314208984375,7.34912109375
629,119,5,8.6473388671875,8.3052978515625,7.35791015625
630,119,6,8.6473388671875,8.3052978515625,7.3582763671875
631,119,7,8.6380615234375,8.299072265625,7.3582763671875
632,120,0,8.6473388671875,8.3052978515625,7.35791015625
633,120,1,8.6473388671875,8.3052978515625,7.3582763671875
634,120,2,8.6380615234375,8.299072265625,7.3582763671875
635,120,3,8.6649169921875,8.299072265625,7.5831298828125
636,120,4,8.6962890625,8.299072265625,7.5831298828125
637,120,5,8.6962890625,8.2802734375,7.5831298828125
638,120,6,8.6962890625,8.2518310546875,7.541259765625
639,120,7,8.71875,8.373291015625,7.542724609375
640,126,0,4.2496337890625,3.49365234375,3.6566162109375
641,126,1,4.2496337890625,3.517578125,3.64453125
642,126,2,4.192626953125,3.5286865234375,3.6702880859375
643,126,3,4.2066650390625,3.5286865234375,3.6702880859375
644,126,4,4.2066650390625,3.5286865234375,3.6756591796875
645,126,5,4.2066650390625,3.54052734375,3.6756591796875
646,126,6,4.2059326171875,3.54052734375,3.6756591796875
647,126,7,4.249267578125,3.54052734375,3.64599609375
648,127,0,4.2066650390625,3.54052734375,3.6756591796875
649,127,1,4.2059326171875,3.54052734375,3.6756591796875
650,127,2,4.249267578125,3.54052734375,3.64599609375
651,127,3,4.249267578125,3.51953125,3.671630859375
652,127,4,4.25244140625,3.5159912109375,3.671630859375
653,127,5,4.25244140625,3.5374755859375,3.671630859375
654,127,6,4.25244140625,3.5374755859375,3.6690673828125
655,127,7,4.1845703125,3.5699462890625,3.650634765625
656,128,0,4.25244140625,3.5374755859375,3.671630859375
657,128,1,4.25244140625,3.5374755859375,3.6690673828125
658,128,2,4.1845703125,3.5699462890625,3.650634765625
659,128,3,4.194580078125,3.5699462890625,3.718505859375
660,128,4,4.194580078125,3.5699462890625,3.718505859375
661,128,5,4.194580078125,3.51806640625,3.718505859375
662,128,6,4.1832275390625,3.51806640625,3.6922607421875
663,128,7,4.1832275390625,3.5218505859375,3.6922607421875
664,129,0,4.194580078125,3.51806640625,3.718505859375
665,129,1,4.1832275390625,3.51806640625,3.6922607421875
666,129,2,4.1832275390625,3.5218505859375,3.6922607421875
667,129,3,4.139892578125,3.5452880859375,3.6922607421875
668,129,4,4.139892578125,3.5452880859375,3.6837158203125
669,129,5,4.1754150390625,3.5452880859375,3.6837158203125
670,129,6,4.1754150390625,3.54296875,3.6837158203125
671,129,7,4.1754150390625,3.5826416015625,3.680908203125
672,130,0,4.1754150390625,3.5452880859375,3.6837158203125
673,130,1,4.1754150390625,3.54296875,3.6837158203125
674,130,2,4.1754150390625,3.5826416015625,3.680908203125
675,130,3,4.1622314453125,3.5826416015625,3.680908203125
676,130,4,4.1622314453125,3.5826416015625,3.704345703125
677,130,5,4.1622314453125,3.57275390625,3.704345703125
678,130,6,4.101318359375,3.57275390625,3.704345703125
679,130,7,4.1285400390625,3.5263671875,3.7099609375
680,131,0,4.1622314453125,3.57275390625,3.704345703125
681,131,1,4.101318359375,3.57275390625,3.704345703125
682,131,2,4.1285400390625,3.5263671875,3.7099609375
683,131,3,4.1285400390625,3.550537109375,3.74462890625
684,131,4,4.1285400390625,3.5726318359375,3.74462890625
685,131,5,4.162109375,3.5726318359375,3.74462890625
686,131,6,4.1650390625,3.5726318359375,3.7171630859375
687,131,7,4.1650390625,3.58349609375,3.6842041015625
688,132,0,4.162109375,3.5726318359375,3.74462890625
689,132,1,4.1650390625,3.5726318359375,3.7171630859375
690,132,2,4.1650390625,3.58349609375,3.6842041015625
691,132,3,4.1650390625,3.58349609375,3.6959228515625
692,132,4,4.156005859375,3.58349609375,3.715087890625
693,132,5,4.156005859375,3.5762939453125,3.715087890625
694,132,6,4.156005859375,3.5762939453125,3.7298583984375
695,132,7,4.139404296875,3.5762939453125,3.7298583984375
696,133,0,4.156005859375,3.5762939453125,3.715087890625
697,133,1,4.156005859375,3.5762939453125,3.7298583984375
698,133,2,4.139404296875,3.5762939453125,3.7298583984375
699,133,3,4.1356201171875,3.569091796875,3.7298583984375
700,133,4,4.1356201171875,3.569091796875,3.7188720703125
701,133,5,4.112060546875,3.569091796875,3.7147216796875
702,133,6,4.134521484375,3.593017578125,3.765869140625
703,133,7,4.134521484375,3.593017578125,3.765869140625
704,139,0,4.0865478515625,3.6529541015625,4.2662353515625
705,139,1,4.0865478515625,3.6529541015625,4.2662353515625
706,139,2,4.0865478515625,3.6529541015625,4.2662353515625
707,139,3,4.0679931640625,3.6661376953125,4.26904296875
708,139,4,4.0679931640625,3.6661376953125,4.26904296875
709,139,5,4.0679931640625,3.6661376953125,4.26904296875
710,139,6,4.100341796875,3.6746826171875,4.2513427734375
711,139,7,4.100341796875,3.6746826171875,4.2513427734375
712,140,0,4.0679931640625,3.6661376953125,4.26904296875
713,140,1,4.100341796875,3.6746826171875,4.2513427734375
714,140,2,4.100341796875,3.6746826171875,4.2513427734375
715,140,3,4.100341796875,3.6746826171875,4.2344970703125
716,140,4,4.0352783203125,3.6617431640625,4.2021484375
717,140,5,3.9996337890625,3.675537109375,4.33447265625
718,140,6,4.0185546875,3.7093505859375,4.33447265625
719,140,7,4.0185546875,3.7093505859375,4.33447265625
720,141,0,3.9996337890625,3.675537109375,4.33447265625
721,141,1,4.0185546875,3.7093505859375,4.33447265625
722,141,2,4.0185546875,3.7093505859375,4.33447265625
723,141,3,4.0185546875,3.7093505859375,4.2413330078125
724,141,4,4.0386962890625,3.6844482421875,4.240478515625
725,141,5,4.058837890625,3.6954345703125,4.2657470703125
726,141,6,4.058837890625,3.69921875,4.2657470703125
727,141,7,4.058837890625,3.739013671875,4.2657470703125
728,142,0,4.058837890625,3.6954345703125,4.2657470703125
729,142,1,4.058837890625,3.69921875,4.2657470703125
730,142,2,4.058837890625,3.739013671875,4.2657470703125
731,142,3,4.0306396484375,3.739013671875,4.23876953125
732,142,4,4.0455322265625,3.739013671875,4.23876953125
733,142,5,4.0455322265625,3.6851806640625,4.23876953125
734,142,6,4.06005859375,3.6851806640625,4.1951904296875
735,142,7,4.06005859375,3.6954345703125,4.245849609375
736,143,0,4.0455322265625,3.6851806640625,4.23876953125
737,143,1,4.06005859375,3.6851806640625,4.1951904296875
738,143,2,4.06005859375,3.6954345703125,4.245849609375
739,143,3,4.06005859375,3.6954345703125,4.2506103515625
740,143,4,4.041748046875,3.69873046875,4.2506103515625
741,143,5,4.0987548828125,3.69873046875,4.2506103515625
742,143,6,4.0987548828125,3.69873046875,4.2691650390625
743,143,7,4.0987548828125,3.7381591796875,4.2691650390625
744,144,0,4.0987548828125,3.69873046875,4.2506103515625
745,144,1,4.0987548828125,3.69873046875,4.2691650390625
746,144,2,4.0987548828125,3.7381591796875,4.2691650390625
747,144,3,4.04248046875,3.7381591796875,4.2691650390625
748,144,4,4.0802001953125,3.7381591796875,4.215087890625
749,144,5,4.0802001953125,3.69921875,4.212890625
750,144,6,4.0802001953125,3.72900390625,4.212890625
751,144,7,4.0230712890625,3.72900390625,4.204833984375
752,145,0,4.0802001953125,3.69921875,4.212890625
753,145,1,4.0802001953125,3.72900390625,4.212890625
754,145,2,4.0230712890625,3.72900390625,4.204833984375
755,145,3,4.0015869140625,3.72900390625,4.204833984375
756,145,4,4.0113525390625,3.7237548828125,4.204833984375
757,145,5,4.06640625,3.8370361328125,4.244873046875
758,145,6,4.06640625,3.8370361328125,4.244873046875
759,145,7,4.06640625,3.8370361328125,4.355224609375
760,146,0,4.06640625,3.8370361328125,4.244873046875
761,146,1,4.06640625,3.8370361328125,4.244873046875
762,146,2,4.06640625,3.8370361328125,4.355224609375
763,146,3,4.0654296875,3.7169189453125,4.355224609375
764,146,4,4.0654296875,3.7071533203125,4.355224609375
765,146,5,4.0654296875,3.7626953125,4.2470703125
766,146,6,4.0118408203125,3.7626953125,4.2470703125
767,146,7,4.03515625,3.7626953125,4.2470703125
768,152,0,3.98583984375,3.9354248046875,3.764404296875
769,152,1,3.9808349609375,3.9354248046875,3.757568359375
770,152,2,3.9808349609375,3.9134521484375,3.757568359375
771,152,3,3.9808349609375,3.9097900390625,3.73681640625
772,152,4,3.97802734375,3.908935546875,3.7271728515625
773,152,5,3.97802734375,3.908935546875,3.72314453125
774,152,6,3.9820556640625,3.84814453125,3.72314453125
775,152,7,3.9881591796875,3.84814453125,3.71923828125
776,153,0,3.97802734375,3.908935546875,3.72314453125
777,153,1,3.9820556640625,3.84814453125,3.72314453125
778,153,2,3.9881591796875,3.84814453125,3.71923828125
779,153,3,3.9881591796875,3.835205078125,3.7774658203125
780,153,4,3.9881591796875,3.810546875,3.7774658203125
781,153,5,3.9776611328125,3.810546875,3.7774658203125
782,153,6,3.9776611328125,3.813232421875,3.701904296875
783,153,7,3.958740234375,3.8341064453125,3.707275390625
784,154,0,3.9776611328125,3.810546875,3.7774658203125
785,154,1,3.9776611328125,3.813232421875,3.701904296875
786,154,2,3.958740234375,3.8341064453125,3.707275390625
787,154,3,3.9515380859375,3.8341064453125,3.707275390625
788,154,4,3.9515380859375,3.865478515625,3.707275390625
789,154,5,3.960205078125,3.865478515625,3.7025146484375
790,154,6,3.9698486328125,3.865478515625,3.7080078125
791,154,7,3.9698486328125,3.8026123046875,3.7659912109375
792,155,0,3.960205078125,3.865478515625,3.7025146484375
793,155,1,3.9698486328125,3.865478515625,3.7080078125
794,155,2,3.9698486328125,3.8026123046875,3.7659912109375
795,155,3,3.9918212890625,3.8392333984375,3.7659912109375
796,155,4,3.9918212890625,3.8392333984375,3.7659912109375
797,155,5,3.9918212890625,3.8392333984375,3.7593994140625
798,155,6,3.9619140625,3.830078125,3.7593994140625
799,155,7,4.0303955078125,3.830078125,3.7593994140625
800,156,0,3.9918212890625,3.8392333984375,3.7593994140625
801,156,1,3.9619140625,3.830078125,3.7593994140625
802,156,2,4.0303955078125,3.830078125,3.7593994140625
803,156,3,4.0303955078125,3.82373046875,3.7435302734375
804,156,4,4.0303955078125,3.8338623046875,3.7701416015625
805,156,5,3.9932861328125,3.8338623046875,3.7701416015625
806,156,6,4.029541015625,3.8338623046875,3.7701416015625
807,156,7,4.029541015625,3.816162109375,3.7098388671875
808,157,0,3.9932861328125,3.8338623046875,3.7701416015625
809,157,1,4.029541015625,3.8338623046875,3.7701416015625
810,157,2,4.029541015625,3.816162109375,3.7098388671875
811,157,3,4.029541015625,3.816162109375,3.7113037109375
812,157,4,3.99560546875,3.8282470703125,3.7113037109375
813,157,5,3.999755859375,3.8310546875,3.7576904296875
814,157,6,3.999755859375,3.868408203125,3.7576904296875
815,157,7,3.999755859375,3.868408203125,3.7576904296875
816,158,0,3.999755859375,3.8310546875,3.7576904296875
817,158,1,3.999755859375,3.868408203125,3.7576904296875
818,158,2,3.999755859375,3.868408203125,3.7576904296875
819,158,3,4.0428466796875,3.868408203125,3.7457275390625
820,158,4,4.0428466796875,3.802490234375,3.7457275390625
821,158,5,4.0428466796875,3.802490234375,3.7457275390625
822,158,6,3.9404296875,3.7708740234375,3.7388916015625
823,158,7,0.0,0.0,0.0
824,164,0,4.0704345703125,3.68310546875,4.2757568359375
825,164,1,4.0704345703125,3.662353515625,4.2872314453125
826,164,2,4.0704345703125,3.662353515625,4.2872314453125
827,164,3,3.9930419921875,3.7156982421875,4.2872314453125
828,164,4,4.0040283203125,3.7156982421875,4.2069091796875
829,164,5,4.074951171875,3.7156982421875,4.2225341796875
830,164,6,4.087890625,3.7020263671875,4.2225341796875
831,164,7,4.087890625,3.7020263671875,4.2225341796875
832,165,0,4.074951171875,3.7156982421875,4.2225341796875
833,165,1,4.087890625,3.7020263671875,4.2225341796875
834,165,2,4.087890625,3.7020263671875,4.2225341796875
835,165,3,4.087890625,3.7020263671875,4.306396484375
836,165,4,4.0283203125,3.7130126953125,4.306396484375
837,165,5,4.068603515625,3.7130126953125,4.306396484375
838,165,6,4.068603515625,3.7130126953125,4.314453125
839,165,7,4.068603515625,3.6983642578125,4.314453125
840,166,0,4.068603515625,3.7130126953125,4.306396484375
841,166,1,4.068603515625,3.7130126953125,4.314453125
842,166,2,4.068603515625,3.6983642578125,4.314453125
843,166,3,4.1182861328125,3.6983642578125,4.314453125
844,166,4,4.1763916015625,3.6859130859375,4.2945556640625
845,166,5,4.1763916015625,3.7147216796875,4.2945556640625
846,166,6,4.1763916015625,3.7147216796875,4.2430419921875
847,166,7,4.08154296875,3.7154541015625,4.2694091796875
848,167,0,4.1763916015625,3.7147216796875,4.2945556640625
849,167,1,4.1763916015625,3.7147216796875,4.2430419921875
850,167,2,4.08154296875,3.7154541015625,4.2694091796875
851,167,3,4.08154296875,3.7154541015625,4.2694091796875
852,167,4,4.08154296875,3.7154541015625,4.2694091796875
853,167,5,4.052001953125,3.6868896484375,4.26611328125
854,167,6,4.029296875,3.6885986328125,4.234375
855,167,7,4.073974609375,3.7265625,4.2374267578125
856,168,0,4.052001953125,3.6868896484375,4.26611328125
857,168,1,4.029296875,3.6885986328125,4.234375
858,168,2,4.073974609375,3.7265625,4.2374267578125
859,168,3,4.073974609375,3.7265625,4.252685546875
860,168,4,4.073974609375,3.7265625,4.2628173828125
861,168,5,4.0499267578125,3.7139892578125,4.2628173828125
862,168,6,4.0810546875,3.732421875,4.2628173828125
863,168,7,4.1016845703125,3.732421875,4.218505859375
864,169,0,4.0499267578125,3.7139892578125,4.2628173828125
865,169,1,4.0810546875,3.732421875,4.2628173828125
866,169,2,4.1016845703125,3.732421875,4.218505859375
867,169,3,4.1016845703125,3.732421875,4.218505859375
868,169,4,4.1016845703125,3.7293701171875,4.197509765625
869,169,5,4.0760498046875,3.741455078125,4.2459716796875
870,169,6,4.0760498046875,3.7442626953125,4.2677001953125
871,169,7,4.028076171875,3.7442626953125,4.2677001953125
872,170,0,4.0760498046875,3.741455078125,4.2459716796875
873,170,1,4.0760498046875,3.7442626953125,4.2677001953125
874,170,2,4.028076171875,3.7442626953125,4.2677001953125
875,170,3,3.9947509765625,3.7442626953125,4.3304443359375
876,170,4,4.092041015625,3.732666015625,4.3304443359375
877,170,5,4.092041015625,3.73974609375,4.3304443359375
878,170,6,4.092041015625,3.8001708984375,4.2698974609375
879,170,7,0.0,0.0,0.0
880,176,0,3.97802734375,3.8719482421875,3.7283935546875
881,176,1,3.97802734375,3.880615234375,3.7374267578125
882,176,2,4.0062255859375,3.8861083984375,3.7374267578125
883,176,3,4.0062255859375,3.8861083984375,3.7374267578125
884,176,4,4.0062255859375,3.8861083984375,3.7352294921875
885,176,5,3.9779052734375,3.8460693359375,3.7352294921875
886,176,6,3.9779052734375,3.8460693359375,3.7044677734375
887,176,7,3.9779052734375,3.80078125,3.7044677734375
888,177,0,3.9779052734375,3.8460693359375,3.7352294921875
889,177,1,3.9779052734375,3.8460693359375,3.7044677734375
890,177,2,3.9779052734375,3.80078125,3.7044677734375
891,177,3,3.980224609375,3.80078125,3.7044677734375
892,177,4,3.980224609375,3.787109375,3.7294921875
893,177,5,3.99365234375,3.8255615234375,3.7294921875
894,177,6,3.99365234375,3.8255615234375,3.7774658203125
895,177,7,4.0133056640625,3.8255615234375,3.7774658203125
896,178,0,3.99365234375,3.8255615234375,3.7294921875
897,178,1,3.99365234375,3.8255615234375,3.7774658203125
898,178,2,4.0133056640625,3.8255615234375,3.7774658203125
899,178,3,4.036865234375,3.8409423828125,3.7774658203125
900,178,4,4.036865234375,3.84375,3.72265625
901,178,5,4.036865234375,3.84375,3.7073974609375
902,178,6,3.9630126953125,3.84375,3.728759765625
903,178,7,3.9630126953125,3.814697265625,3.742431640625
904,179,0,4.036865234375,3.84375,3.7073974609375
905,179,1,3.9630126953125,3.84375,3.728759765625
906,179,2,3.9630126953125,3.814697265625,3.742431640625
907,179,3,3.9696044921875,3.7908935546875,3.742431640625
908,179,4,3.9696044921875,3.7867431640625,3.742431640625
909,179,5,3.9696044921875,3.7880859375,3.758544921875
910,179,6,3.9676513671875,3.7880859375,3.758544921875
911,179,7,3.9844970703125,3.7880859375,3.758544921875
912,180,0,3.9696044921875,3.7880859375,3.758544921875
913,180,1,3.9676513671875,3.7880859375,3.758544921875
914,180,2,3.9844970703125,3.7880859375,3.758544921875
915,180,3,4.015380859375,3.7867431640625,3.7474365234375
916,180,4,4.015380859375,3.82958984375,3.7474365234375
917,180,5,4.015380859375,3.82958984375,3.74462890625
918,180,6,4.003173828125,3.82958984375,3.74072265625
919,180,7,4.003173828125,3.781494140625,3.75244140625
920,181,0,4.015380859375,3.82958984375,3.74462890625
921,181,1,4.003173828125,3.82958984375,3.74072265625
922,181,2,4.003173828125,3.781494140625,3.75244140625
923,181,3,4.003173828125,3.771240234375,3.75244140625
924,181,4,4.0001220703125,3.771240234375,3.783203125
925,181,5,4.0001220703125,3.771240234375,3.78564453125
926,181,6,3.9945068359375,3.819091796875,3.78564453125
927,181,7,3.984619140625,3.819091796875,3.78564453125
928,187,0,3.82861328125,4.0,4.3922119140625
929,187,1,3.7958984375,4.0,4.388427734375
930,187,2,3.7918701171875,4.0,4.388427734375
931,187,3,3.7918701171875,3.9849853515625,4.35107421875
932,187,4,3.7845458984375,3.9849853515625,4.35107421875
933,187,5,3.7845458984375,3.9849853515625,4.35107421875
934,187,6,3.8204345703125,3.9771728515625,4.2877197265625
935,187,7,3.8232421875,3.93408203125,4.2877197265625
936,188,0,3.7845458984375,3.9849853515625,4.35107421875
937,188,1,3.8204345703125,3.9771728515625,4.2877197265625
938,188,2,3.8232421875,3.93408203125,4.2877197265625
939,188,3,3.8232421875,3.93408203125,4.28564453125
940,188,4,3.8232421875,3.9246826171875,4.337158203125
941,188,5,3.7884521484375,3.9246826171875,4.337158203125
942,188,6,3.8602294921875,3.9246826171875,4.337158203125
943,188,7,3.8602294921875,3.9171142578125,4.2747802734375
944,189,0,3.7884521484375,3.9246826171875,4.337158203125
945,189,1,3.8602294921875,3.9246826171875,4.337158203125
946,189,2,3.8602294921875,3.9171142578125,4.2747802734375
947,189,3,3.862060546875,3.9376220703125,4.3221435546875
948,189,4,3.862060546875,3.9630126953125,4.3221435546875
949,189,5,3.862060546875,3.963623046875,4.3221435546875
950,189,6,3.8834228515625,3.963623046875,4.278564453125
951,189,7,3.8834228515625,3.963623046875,4.44677734375
952,190,0,3.862060546875,3.963623046875,4.3221435546875
953,190,1,3.8834228515625,3.963623046875,4.278564453125
954,190,2,3.8834228515625,3.963623046875,4.44677734375
955,190,3,3.8834228515625,3.9552001953125,4.44677734375
956,190,4,3.8817138671875,3.9552001953125,4.44677734375
957,190,5,3.8817138671875,3.9552001953125,4.3184814453125
958,190,6,3.8685302734375,3.92138671875,4.3184814453125
959,190,7,3.8409423828125,3.9437255859375,4.2529296875
960,191,0,3.8817138671875,3.9552001953125,4.3184814453125
961,191,1,3.8685302734375,3.92138671875,4.3184814453125
962,191,2,3.8409423828125,3.9437255859375,4.2529296875
963,191,3,3.8409423828125,3.9437255859375,4.316162109375
964,191,4,3.838134765625,3.9437255859375,4.316162109375
965,191,5,3.853515625,3.929931640625,4.316162109375
966,191,6,3.853515625,3.9375,4.3192138671875
967,191,7,3.853515625,3.9375,4.3192138671875
968,192,0,3.853515625,3.929931640625,4.316162109375
969,192,1,3.853515625,3.9375,4.3192138671875
970,192,2,3.853515625,3.9375,4.3192138671875
971,192,3,3.8875732421875,3.956298828125,4.3192138671875
972,192,4,3.8875732421875,3.956298828125,4.2498779296875
973,192,5,3.92822265625,3.956298828125,4.23486328125
974,192,6,3.92822265625,3.940673828125,4.33349609375
975,192,7,3.92822265625,3.9114990234375,4.33349609375
976,198,0,4.190185546875,3.4788818359375,3.6517333984375
977,198,1,4.190185546875,3.5172119140625,3.6517333984375
978,198,2,4.2108154296875,3.5172119140625,3.6517333984375
979,198,3,4.2108154296875,3.5172119140625,3.64404296875
980,198,4,4.2108154296875,3.4962158203125,3.64404296875
981,198,5,4.2484130859375,3.5211181640625,3.64404296875
982,198,6,4.2484130859375,3.5501708984375,3.6429443359375
983,198,7,4.2484130859375,3.5501708984375,3.6429443359375
984,199,0,4.2484130859375,3.5211181640625,3.64404296875
985,199,1,4.2484130859375,3.5501708984375,3.6429443359375
986,199,2,4.2484130859375,3.5501708984375,3.6429443359375
987,199,3,4.1959228515625,3.5501708984375,3.6693115234375
988,199,4,4.1959228515625,3.5487060546875,3.6693115234375
989,199,5,4.1865234375,3.5487060546875,3.6693115234375
990,199,6,4.2301025390625,3.5487060546875,3.6578369140625
991,199,7,4.2301025390625,3.531494140625,3.662353515625
992,200,0,4.1865234375,3.5487060546875,3.6693115234375
993,200,1,4.2301025390625,3.5487060546875,3.6578369140625
994,200,2,4.2301025390625,3.531494140625,3.662353515625
995,200,3,4.2301025390625,3.538818359375,3.662353515625
996,200,4,4.2254638671875,3.538818359375,3.6630859375
997,200,5,4.2254638671875,3.538818359375,3.686279296875
998,200,6,4.2254638671875,3.5277099609375,3.686279296875
999,200,7,4.1822509765625,3.5655517578125,3.7156982421875
1000,201,0,4.2254638671875,3.538818359375,3.686279296875
1001,201,1,4.2254638671875,3.5277099609375,3.686279296875
1002,201,2,4.1822509765625,3.5655517578125,3.7156982421875
1003,201,3,4.1822509765625,3.5655517578125,3.7156982421875
1004,201,4,4.1822509765625,3.5655517578125,3.7156982421875
1005,201,5,4.14794921875,3.536376953125,3.68017578125
1006,201,6,4.136474609375,3.54638671875,3.712646484375
1007,201,7,4.2076416015625,3.54638671875,3.712646484375
1008,202,0,4.14794921875,3.536376953125,3.68017578125
1009,202,1,4.136474609375,3.54638671875,3.712646484375
1010,202,2,4.2076416015625,3.54638671875,3.712646484375
1011,202,3,4.2076416015625,3.5616455078125,3.712646484375
1012,202,4,4.2076416015625,3.5616455078125,3.67724609375
1013,202,5,4.1436767578125,3.5616455078125,3.6751708984375
1014,202,6,4.1173095703125,3.5438232421875,3.6751708984375
1015,202,7,4.1182861328125,3.5438232421875,3.69287109375
1016,203,0,4.1436767578125,3.5616455078125,3.6751708984375
1017,203,1,4.1173095703125,3.5438232421875,3.6751708984375
1018,203,2,4.1182861328125,3.5438232421875,3.69287109375
1019,203,3,4.1182861328125,3.56494140625,3.7120361328125
1020,203,4,4.1182861328125,3.56494140625,3.7120361328125
1021,203,5,4.10888671875,3.56494140625,3.7255859375
1022,203,6,4.10888671875,3.5509033203125,3.749755859375
1023,203,7,4.0926513671875,3.5716552734375,3.749755859375
1024,204,0,4.10888671875,3.56494140625,3.7255859375
1025,204,1,4.10888671875,3.5509033203125,3.749755859375
1026,204,2,4.0926513671875,3.5716552734375,3.749755859375
1027,204,3,4.135986328125,3.5716552734375,3.749755859375
1028,204,4,4.135986328125,3.5716552734375,3.7393798828125
1029,204,5,4.135986328125,3.588623046875,3.73388671875
1030,204,6,4.091552734375,3.588623046875,3.73388671875
1031,204,7,4.0867919921875,3.59619140625,3.7156982421875
1032,205,0,4.135986328125,3.588623046875,3.73388671875
1033,205,1,4.091552734375,3.588623046875,3.73388671875
1034,205,2,4.0867919921875,3.59619140625,3.7156982421875
1035,205,3,4.0867919921875,3.59619140625,3.7386474609375
1036,205,4,4.111328125,3.59619140625,3.7386474609375
1037,205,5,4.111328125,3.5662841796875,3.7386474609375
1038,205,6,4.111328125,3.603271484375,3.772216796875
1039,205,7,4.0982666015625,3.603271484375,3.772216796875
1040,206,0,4.111328125,3.5662841796875,3.7386474609375
1041,206,1,4.111328125,3.603271484375,3.772216796875
1042,206,2,4.0982666015625,3.603271484375,3.772216796875
1043,206,3,4.1177978515625,3.603271484375,3.772216796875
1044,206,4,4.1177978515625,3.6104736328125,3.75
1045,206,5,4.1177978515625,3.6104736328125,3.719970703125
1046,206,6,4.11572265625,3.6204833984375,3.7738037109375
1047,206,7,4.11572265625,3.6204833984375,3.7738037109375
1048,212,0,3.8287353515625,3.95654296875,4.459716796875
1049,212,1,3.7174072265625,4.024169921875,4.4500732421875
1050,212,2,3.810546875,4.024169921875,4.4287109375
1051,212,3,3.8275146484375,4.024169921875,4.426513671875
1052,212,4,3.8275146484375,3.957275390625,4.482421875
1053,212,5,3.8275146484375,3.97119140625,4.482421875
1054,212,6,3.7918701171875,3.97119140625,4.482421875
1055,212,7,3.7996826171875,3.97119140625,4.466552734375
1056,213,0,3.8275146484375,3.97119140625,4.482421875
1057,213,1,3.7918701171875,3.97119140625,4.482421875
1058,213,2,3.7996826171875,3.97119140625,4.466552734375
1059,213,3,3.7996826171875,3.9273681640625,4.466552734375
1060,213,4,3.80224609375,3.99951171875,4.466552734375
1061,213,5,3.80224609375,3.99951171875,4.43603515625
1062,213,6,3.80224609375,3.99951171875,4.3514404296875
1063,213,7,3.8209228515625,3.9718017578125,4.3514404296875
1064,214,0,3.80224609375,3.99951171875,4.43603515625
1065,214,1,3.80224609375,3.99951171875,4.3514404296875
1066,214,2,3.8209228515625,3.9718017578125,4.3514404296875
1067,214,3,3.8209228515625,3.968994140625,4.3514404296875
1068,214,4,3.841064453125,3.968994140625,4.3369140625
1069,214,5,3.841064453125,3.984375,4.2962646484375
1070,214,6,3.841064453125,3.984375,4.3204345703125
1071,214,7,3.8145751953125,3.984375,4.356201171875
1072,215,0,3.841064453125,3.984375,4.2962646484375
1073,215,1,3.841064453125,3.984375,4.3204345703125
1074,215,2,3.8145751953125,3.984375,4.356201171875
1075,215,3,3.8145751953125,3.9195556640625,4.356201171875
1076,215,4,3.8145751953125,3.9195556640625,4.356201171875
1077,215,5,3.7886962890625,3.906982421875,4.341552734375
1078,215,6,3.782958984375,3.906982421875,4.341552734375
1079,215,7,3.8690185546875,3.906982421875,4.337158203125
1080,216,0,3.7886962890625,3.906982421875,4.341552734375
1081,216,1,3.782958984375,3.906982421875,4.341552734375
1082,216,2,3.8690185546875,3.906982421875,4.337158203125
1083,216,3,3.8690185546875,3.8995361328125,4.337158203125
1084,216,4,3.8690185546875,3.9775390625,4.290771484375
1085,216,5,3.8916015625,3.9775390625,4.2896728515625
1086,216,6,3.8916015625,3.9775390625,4.2896728515625
1087,216,7,3.8916015625,3.9654541015625,4.2896728515625
1088,217,0,3.8916015625,3.9775390625,4.2896728515625
1089,217,1,3.8916015625,3.9775390625,4.2896728515625
1090,217,2,3.8916015625,3.9654541015625,4.2896728515625
1091,217,3,3.873291015625,3.9786376953125,4.307373046875
1092,217,4,3.873291015625,3.9786376953125,4.307373046875
1093,217,5,3.873291015625,3.9786376953125,4.307373046875
1094,217,6,3.8267822265625,3.908203125,4.2606201171875
1095,217,7,3.8267822265625,3.907470703125,4.2830810546875
1096,218,0,3.873291015625,3.9786376953125,4.307373046875
1097,218,1,3.8267822265625,3.908203125,4.2606201171875
1098,218,2,3.8267822265625,3.907470703125,4.2830810546875
1099,218,3,3.866455078125,3.907470703125,4.2830810546875
1100,218,4,3.866455078125,3.9151611328125,4.3011474609375
1101,218,5,3.866455078125,3.926025390625,4.3011474609375
1102,218,6,3.8385009765625,3.926025390625,4.3011474609375
1103,218,7,3.8385009765625,3.9752197265625,4.2557373046875
1104,219,0,3.866455078125,3.926025390625,4.3011474609375
1105,219,1,3.8385009765625,3.926025390625,4.3011474609375
1106,219,2,3.8385009765625,3.9752197265625,4.2557373046875
1107,219,3,3.81298828125,3.9752197265625,4.322021484375
1108,219,4,3.876953125,3.9752197265625,4.322021484375
1109,219,5,3.876953125,3.97412109375,4.322021484375
1110,219,6,3.8916015625,3.97412109375,4.285400390625
1111,219,7,3.8916015625,3.97412109375,4.285400390625
1112,220,0,3.876953125,3.97412109375,4.322021484375
1113,220,1,3.8916015625,3.97412109375,4.285400390625
1114,220,2,3.8916015625,3.97412109375,4.285400390625
1115,220,3,3.8916015625,3.919189453125,4.285400390625
1116,220,4,3.7933349609375,3.9332275390625,4.31640625
1117,220,5,3.7933349609375,3.9332275390625,4.31640625
1118,220,6,3.809326171875,3.96533203125,4.31640625
1119,220,7,3.9412841796875,3.9669189453125,4.3046875
